Site,Type,Plant_Species,FU_Open
Arne,tri,Anthriscus_sylvestris,0
Arne,tri,Armeria_maritima,0
Arne,tri,Aster_tripolium,0
Arne,tri,Betula_pendula,0
Arne,tri,Calluna_vulgaris,54530
Arne,tri,Castanea_sativa,0
Arne,tri,Cochlearia_anglica,0
Arne,tri,Cochlearia_officinalis,6
Arne,tri,Cuscuta_epithymum,0
Arne,tri,Digitalis_purpurea,0
Arne,tri,Dryopteris_sp.,0
Arne,tri,Erica_cinerea,511
Arne,tri,Erica_tetralix,0
Arne,tri,Fraxinus_excelsior,0
Arne,tri,Galium_saxatile,41
Arne,tri,Glaux_maritima,0
Arne,tri,Grass,0
Arne,tri,Halimione_portulacoides,0
Arne,tri,Hedera_helix,0
Arne,tri,Ilex_aquifolium,0
Arne,tri,Limonium_vulgare,0
Arne,tri,Lonicera_periclymenum,0
Arne,tri,Pinus_nigra,0
Arne,tri,Plantago_maritima,0
Arne,tri,Potentilla_erecta,0
Arne,tri,Quercus_petraea,0
Arne,tri,Rubus_fruiticosus,0
Arne,tri,Rumex_acetosa,45
Arne,tri,Rumex_acetosella,4
Arne,tri,Rush,0
Arne,tri,Salicornia_europaea,0
Arne,tri,Salicornia_perennis,0
Arne,tri,Sarcocornia_perennis,0
Arne,tri,Sedge,0
Arne,tri,Sorbus_aucuparia,0
Arne,tri,Spartina_anglica,1
Arne,tri,Spergularia_media,24
Arne,tri,Suaeda_maritima,0
Arne,tri,Teucrium_scorodonia,0
Arne,tri,Triglochin_maritima,0
Arne,tri,Ulex_europaeus,10
Arne,tri,Urtica_dioica,0
Arne,tri,Viola_canina,0
Bodmin.Moor,di,Acer_pseudoplatanus,0
Bodmin.Moor,di,Aethusa_cynapium,0
Bodmin.Moor,di,Ajuga_reptans,0
Bodmin.Moor,di,Anemone_nemorosa,8
Bodmin.Moor,di,Bare_ground_only,0
Bodmin.Moor,di,Betula_pendula,0
Bodmin.Moor,di,Cirsium_palustre,0
Bodmin.Moor,di,Corylus_avellana,0
Bodmin.Moor,di,Crataegus_monogyna,0
Bodmin.Moor,di,Dryopteris_sp.,0
Bodmin.Moor,di,Euphrasia_nemorosa,4
Bodmin.Moor,di,Fagus_sylvatica,0
Bodmin.Moor,di,Fragaria_vesca,0
Bodmin.Moor,di,Fraxinus_excelsior,0
Bodmin.Moor,di,Galium_mollugo,0
Bodmin.Moor,di,Galium_sp,0
Bodmin.Moor,di,Grass,0
Bodmin.Moor,di,Hedera_helix,0
Bodmin.Moor,di,Hyacinthoides_non-scripta,2
Bodmin.Moor,di,Ilex_aquifolium,7
Bodmin.Moor,di,Lonicera_periclymenum,0
Bodmin.Moor,di,Luzula_campestris,2
Bodmin.Moor,di,Melampyrum_pratense,0
Bodmin.Moor,di,Oxalis_acetosella,1
Bodmin.Moor,di,Polygala_serpyllifolia,29
Bodmin.Moor,di,Potentilla_erecta,140
Bodmin.Moor,di,Quercus_robur,0
Bodmin.Moor,di,Rubus_fruiticosus,0
Bodmin.Moor,di,Rubus_fruticosus,0
Bodmin.Moor,di,Rumex_acetosella,0
Bodmin.Moor,di,Sedge,0
Bodmin.Moor,di,Sorbus_aucuparia,0
Bodmin.Moor,di,Stellaria_holostea,0
Bodmin.Moor,di,Teucrium_scorodonia,0
Bodmin.Moor,di,Ulex_europaeus,0
Bodmin.Moor,di,Umbilicus_rupestris,0
Bodmin.Moor,di,Unidentified_D,0
Bodmin.Moor,di,Vaccinium_myrtillus,0
Bodmin.Moor,di,Veronica_chamaedrys,0
Bodmin.Moor,di,Veronica_officinalis,0
Bodmin.Moor,di,Viola_reichenbachiana,4
Bodmin.Moor,di,Viola_riviniana,0
Braunton.Burrows,di,Achillea_millefolium,3
Braunton.Burrows,di,Agrimonia_eupatoria,1
Braunton.Burrows,di,Ammophila_sp.,0
Braunton.Burrows,di,Anacamptis_pyramidalis,219
Braunton.Burrows,di,Bellis_perennis,0
Braunton.Burrows,di,Centaurea_nigra,0
Braunton.Burrows,di,Centaurium_erythraea,1
Braunton.Burrows,di,Cerastium_fontanum,70
Braunton.Burrows,di,Crataegus_monogyna,0
Braunton.Burrows,di,Crepis_capillaris,13
Braunton.Burrows,di,Crepis_vesicaria,67
Braunton.Burrows,di,Dactylorhiza_praetermissa,0
Braunton.Burrows,di,Daucus_carota,31
Braunton.Burrows,di,Digitalis_purpurea,0
Braunton.Burrows,di,Echium_vulgare,192
Braunton.Burrows,di,Epipactis_palustris,0
Braunton.Burrows,di,Erodium_cicutarium,7
Braunton.Burrows,di,Euphorbia_portlandica,11
Braunton.Burrows,di,Euphrasia_nemorosa,1861
Braunton.Burrows,di,Filipendula_ulmaria,0
Braunton.Burrows,di,Fragaria_vesca,0
Braunton.Burrows,di,Galeopsis_angustifolia,142
Braunton.Burrows,di,Galium_verum,36007
Braunton.Burrows,di,Geranium_columbinum,1
Braunton.Burrows,di,Geranium_molle,0
Braunton.Burrows,di,Grass,0
Braunton.Burrows,di,Hippurus_vulgaris,0
Braunton.Burrows,di,Hypericum_perforatum,0
Braunton.Burrows,di,Hypochaeris_radicata,20
Braunton.Burrows,di,Iris_foetidissima,0
Braunton.Burrows,di,Lamium_purpureum,0
Braunton.Burrows,di,Leontodon_hispidus,2
Braunton.Burrows,di,Leontodon_saxatilis,3
Braunton.Burrows,di,Limonium_vulgare,6
Braunton.Burrows,di,Linum_catharticum,5
Braunton.Burrows,di,Lotus_corniculatus,12
Braunton.Burrows,di,Lotus_subbiflorus,2
Braunton.Burrows,di,Luzula_campestris,34
Braunton.Burrows,di,Lythrum_salicaria,0
Braunton.Burrows,di,Medicago_lupulina,8
Braunton.Burrows,di,Melilotus_officinalis,1638
Braunton.Burrows,di,Mentha_aquatica,0
Braunton.Burrows,di,Myosotis_ramosissima,1
Braunton.Burrows,di,Oenothera_glasiovana,0
Braunton.Burrows,di,Oenothera_glazioviana,2
Braunton.Burrows,di,Ononis_repens,4085
Braunton.Burrows,di,Otanthus_maritimus,0
Braunton.Burrows,di,Pilosella_officinarum,0
Braunton.Burrows,di,Plantago_lanceolata,6
Braunton.Burrows,di,Polygala_serpyllifolia,0
Braunton.Burrows,di,Potentilla_anserina,0
Braunton.Burrows,di,Potentilla_reptans,3
Braunton.Burrows,di,Primula_vulgaris,0
Braunton.Burrows,di,Prunella_vulgaris,0
Braunton.Burrows,di,Ranunculus_acris,0
Braunton.Burrows,di,Ranunculus_bulbosus,0
Braunton.Burrows,di,Ranunculus_repens,0
Braunton.Burrows,di,Rhinanthus_minor,48
Braunton.Burrows,di,Rubus_fruiticosus,10
Braunton.Burrows,di,Rubus_fruticosus,0
Braunton.Burrows,di,Rumex_acetosa,0
Braunton.Burrows,di,Rumex_acetosella,0
Braunton.Burrows,di,Salix_caprea,0
Braunton.Burrows,di,Salix_repens,0
Braunton.Burrows,di,Sanguisorba_minor,18
Braunton.Burrows,di,Sedge,0
Braunton.Burrows,di,Sedum_acre,0
Braunton.Burrows,di,Senecio_crassifolius,0
Braunton.Burrows,di,Senecio_jacobaea,67
Braunton.Burrows,di,Solidago_virgaurea,6
Braunton.Burrows,di,Stellaria_graminea,6
Braunton.Burrows,di,Taraxacum_agg.,2
Braunton.Burrows,di,Teucrium_scorodonia,0
Braunton.Burrows,di,Thymus_polytrichus,287
Braunton.Burrows,di,Trifolium_arvense,4
Braunton.Burrows,di,Trifolium_pratense,3
Braunton.Burrows,di,Trifolium_repens,20
Braunton.Burrows,di,Veronica_chamaedrys,0
Braunton.Burrows,di,Veronica_filiformis,1
Braunton.Burrows,di,Veronica_persica,0
Braunton.Burrows,di,Vicia_cracca,0
Braunton.Burrows,di,Vicia_sativa,0
Braunton.Burrows,di,Viola_canina,1
Braunton.Burrows,di,Viola_tricolor,0
Burnham.on.Sea,mon,Armeria_maritima,0
Burnham.on.Sea,mon,Aster_tripolium,0
Burnham.on.Sea,mon,Atriplex_hastata,0
Burnham.on.Sea,mon,Beta_vulgaris,0
Burnham.on.Sea,mon,Cochlearia_anglica,20
Burnham.on.Sea,mon,Cochlearia_officinalis,1
Burnham.on.Sea,mon,Glaux_maritima,0
Burnham.on.Sea,mon,Grass,0
Burnham.on.Sea,mon,Halimione_portulacoides,0
Burnham.on.Sea,mon,Limonium_vulgare,0
Burnham.on.Sea,mon,Plantago_maritima,5
Burnham.on.Sea,mon,Salicornia_perennis,0
Burnham.on.Sea,mon,Sarcocornia_perennis,0
Burnham.on.Sea,mon,Spartina_anglica,24
Burnham.on.Sea,mon,Spergularia_media,4
Burnham.on.Sea,mon,Triglochin_anglicum,0
Burnham.on.Sea,mon,Triglochin_maritima,1
Bystock,tri,Acer_pseudoplatanus,0
Bystock,tri,Achillea_millefolium,0
Bystock,tri,Ajuga_reptans,0
Bystock,tri,Arum_maculatum,0
Bystock,tri,Betula_pendula,0
Bystock,tri,Calluna_vulgaris,15
Bystock,tri,Centaurium_erythraea,0
Bystock,tri,Centaurium_pulchellum,0
Bystock,tri,Cerastium_fontanum,2
Bystock,tri,Circaea_lutetiana,0
Bystock,tri,Cirsium_vulgare,0
Bystock,tri,Corylus_avellana,0
Bystock,tri,Crataegus_monogyna,0
Bystock,tri,Crepis_capillaris,0
Bystock,tri,Crepis_vesicaria,5
Bystock,tri,Dactylorhiza_fuchsii,0
Bystock,tri,Dryopteris_sp.,0
Bystock,tri,Erica_cinerea,15363
Bystock,tri,Erica_tetralix,105
Bystock,tri,Eupatorium_cannabinum,0
Bystock,tri,Euphrasia_nemorosa,55
Bystock,tri,Fagus_sylvatica,0
Bystock,tri,Fragaria_vesca,0
Bystock,tri,Fraxinus_excelsior,0
Bystock,tri,Galium_mollugo,0
Bystock,tri,Grass,0
Bystock,tri,Hedera_helix,0
Bystock,tri,Hyacinthoides_non-scripta,0
Bystock,tri,Hypericum_pulchrum,0
Bystock,tri,Hypochaeris_radicata,0
Bystock,tri,Ilex_aquifolium,0
Bystock,tri,Iris_sp.,0
Bystock,tri,Leontodon_hispidus,0
Bystock,tri,Lonicera_periclymenum,0
Bystock,tri,Lotus_corniculatus,42
Bystock,tri,Lotus_pedunculatus,23
Bystock,tri,Lotus_subbiflorus,0
Bystock,tri,Mercurialis_perennis,61
Bystock,tri,Pinus_sylvestris,0
Bystock,tri,Plantago_lanceolata,2
Bystock,tri,Polygala_calcarea,0
Bystock,tri,Polygala_serpyllifolia,16
Bystock,tri,Polygala_vulgaris,5
Bystock,tri,Potentilla_erecta,0
Bystock,tri,Potentilla_reptans,0
Bystock,tri,Prunella_vulgaris,10
Bystock,tri,Prunus_laurocerasus,0
Bystock,tri,Quercus_cerris,0
Bystock,tri,Quercus_robur,0
Bystock,tri,Ranunculus_acris,3
Bystock,tri,Ranunculus_bulbosus,0
Bystock,tri,Ranunculus_repens,3
Bystock,tri,Rubus_fruiticosus,2
Bystock,tri,Rubus_fruticosus,2
Bystock,tri,Rumex_acetosa,0
Bystock,tri,Rumex_acetosella,177
Bystock,tri,Rush,0
Bystock,tri,Salix_repens,0
Bystock,tri,Taraxacum_agg.,0
Bystock,tri,Teucrium_scorodonia,0
Bystock,tri,Trifolium_pratense,0
Bystock,tri,Trifolium_repens,2
Bystock,tri,Ulex_europaeus,7
Bystock,tri,Veronica_chamaedrys,17
Bystock,tri,Veronica_montana,33
Bystock,tri,Veronica_officinalis,5
Bystock,tri,Vicia_sativa,0
Bystock,tri,Viola_riviniana,0
Chagford.Common,di,Calluna_vulgaris,28858
Chagford.Common,di,Cirsium_palustre,0
Chagford.Common,di,Convolvulus_sp.,0
Chagford.Common,di,Drosera_rotundifolia,0
Chagford.Common,di,Erica_cinerea,0
Chagford.Common,di,Erica_tetralix,33
Chagford.Common,di,Eriophorum angustifolium,0
Chagford.Common,di,Galium_mollugo,0
Chagford.Common,di,Galium_saxatile,26651
Chagford.Common,di,Grass,0
Chagford.Common,di,Hedera_helix,0
Chagford.Common,di,Hypericum_elodes,0
Chagford.Common,di,Narthecium_ossifragum,0
Chagford.Common,di,Pedicularis_palustris,0
Chagford.Common,di,Polygala_serpyllifolia,4
Chagford.Common,di,Potentilla_erecta,50
Chagford.Common,di,Rush,0
Chagford.Common,di,Sedge,0
Chagford.Common,di,Solidago_virgaurea,0
Chagford.Common,di,Sorbus_aucuparia,0
Chagford.Common,di,Ulex_europaeus,114
Chagford.Common,di,Vaccinium_myrtillus,79
Chagford.Common,di,Viola_canina,0
Chagford.Common,di,Viola_palustris,0
Cloud.Hill,di,Calluna_vulgaris,91
Cloud.Hill,di,Cardamine_flexuosa,8
Cloud.Hill,di,Carex_nigra,0
Cloud.Hill,di,Corylus_avellana,0
Cloud.Hill,di,Dactylorhiza_fuchsii,0
Cloud.Hill,di,Dryopteris_sp.,0
Cloud.Hill,di,Erica_cinerea,2122
Cloud.Hill,di,Erica_tetralix,0
Cloud.Hill,di,Galium_mollugo,0
Cloud.Hill,di,Grass,0
Cloud.Hill,di,Ilex_aquifolium,0
Cloud.Hill,di,Melampyrum_pratense,78
Cloud.Hill,di,Oxalis_acetosella,0
Cloud.Hill,di,Potentilla_erecta,44
Cloud.Hill,di,Quercus_petraea,0
Cloud.Hill,di,Quercus_robur,0
Cloud.Hill,di,Rhododendron_ponticum,0
Cloud.Hill,di,Rubus_fruiticosus,0
Cloud.Hill,di,Rubus_fruticosus,0
Cloud.Hill,di,Rumex_acetosa,0
Cloud.Hill,di,Sorbus_aucuparia,0
Cloud.Hill,di,Stellaria_sp.,0
Cloud.Hill,di,Ulex_europaeus,0
Cloud.Hill,di,Vaccinium_myrtillus,0
Dartmoor,mon,Betula_pendula,0
Dartmoor,mon,Calluna_vulgaris,48864
Dartmoor,mon,Cuscuta_epithymum,97
Dartmoor,mon,Dryopteris_sp.,0
Dartmoor,mon,Erica,0
Dartmoor,mon,Erica_cinerea,10826
Dartmoor,mon,Erica_tetralix,48
Dartmoor,mon,Euphrasia_nemorosa,6
Dartmoor,mon,Galium_saxatile,0
Dartmoor,mon,Grass,0
Dartmoor,mon,Ilex_aquifolium,0
Dartmoor,mon,Leontodon_hispidus,0
Dartmoor,mon,Polygala_serpyllifolia,17
Dartmoor,mon,Potentilla_erecta,16
Dartmoor,mon,Pteridium_sp.,0
Dartmoor,mon,Rubus_fruiticosus,0
Dartmoor,mon,Rubus_fruticosus,0
Dartmoor,mon,Senecio_jacobaea,0
Dartmoor,mon,Taraxacum_agg.,0
Dartmoor,mon,Ulex_europaeus,5012
Dartmoor,mon,Vaccinium_myrtillus,0
Dolebury.Warren,tri,Achillea_millefolium,0
Dolebury.Warren,tri,Ajuga_reptans,0
Dolebury.Warren,tri,Arum_maculatum,0
Dolebury.Warren,tri,Bellis_perennis,2
Dolebury.Warren,tri,Blackstonia_perfoliata,0
Dolebury.Warren,tri,Campanula_rotundifolia,1
Dolebury.Warren,tri,Centaurium_erythraea,0
Dolebury.Warren,tri,Cerastium_fontanum,2
Dolebury.Warren,tri,Circaea_lutetiana,0
Dolebury.Warren,tri,Cirsium_arvense,0
Dolebury.Warren,tri,Cirsium_eriophorum,0
Dolebury.Warren,tri,Cirsium_palustre,0
Dolebury.Warren,tri,Cirsium_vulgare,0
Dolebury.Warren,tri,Convolvulus_arvensis,0
Dolebury.Warren,tri,Crataegus_monogyna,0
Dolebury.Warren,tri,Crepis_capillaris,2
Dolebury.Warren,tri,Dryopteris_sp.,0
Dolebury.Warren,tri,Erica_cinerea,1526
Dolebury.Warren,tri,Euphrasia_nemorosa,78
Dolebury.Warren,tri,Fragaria_vesca,6
Dolebury.Warren,tri,Fraxinus_excelsior,0
Dolebury.Warren,tri,Galium_aparine,0
Dolebury.Warren,tri,Galium_verum,88
Dolebury.Warren,tri,Geranium_columbinum,0
Dolebury.Warren,tri,Geranium_robertianum,0
Dolebury.Warren,tri,Glechoma_hederacea,0
Dolebury.Warren,tri,Grass,0
Dolebury.Warren,tri,Hedera_helix,0
Dolebury.Warren,tri,Hyacinthoides_non-scripta,2
Dolebury.Warren,tri,Hypochaeris_radicata,0
Dolebury.Warren,tri,Ilex_aquifolium,0
Dolebury.Warren,tri,Lathyrus_pratensis,0
Dolebury.Warren,tri,Leontodon_hispidus,1
Dolebury.Warren,tri,Limonium_vulgare,0
Dolebury.Warren,tri,Linum_catharticum,77
Dolebury.Warren,tri,Lonicera_periclymenum,0
Dolebury.Warren,tri,Lotus_corniculatus,385
Dolebury.Warren,tri,Medicago_lupulina,0
Dolebury.Warren,tri,Melilotus_officinalis,3
Dolebury.Warren,tri,Melittis_melissophyllum,0
Dolebury.Warren,tri,Mercurialis_perennis,9
Dolebury.Warren,tri,Origanum_vulgare,0
Dolebury.Warren,tri,Pilosella_erecta,0
Dolebury.Warren,tri,Pilosella_officinarum,0
Dolebury.Warren,tri,Plantago_lanceolata,4
Dolebury.Warren,tri,Potentilla_erecta,9
Dolebury.Warren,tri,Potentilla_reptans,1
Dolebury.Warren,tri,Potentilla_sterilis,1
Dolebury.Warren,tri,Prunella_vulgaris,39
Dolebury.Warren,tri,Prunus_spinosa,0
Dolebury.Warren,tri,Quercus_robur,0
Dolebury.Warren,tri,Ranunculus_repens,1
Dolebury.Warren,tri,Rosa_canina,0
Dolebury.Warren,tri,Rubus_fruiticosus,20
Dolebury.Warren,tri,Rubus_fruticosus,0
Dolebury.Warren,tri,Rumex_acetosa,0
Dolebury.Warren,tri,Rumex_acetosella,0
Dolebury.Warren,tri,Sanguisorba_minor,1
Dolebury.Warren,tri,Senecio_jacobaea,0
Dolebury.Warren,tri,Sherardia_arvensis,0
Dolebury.Warren,tri,Sorbus_aucuparia,0
Dolebury.Warren,tri,Stellaria_graminea,0
Dolebury.Warren,tri,Tamus_communis,0
Dolebury.Warren,tri,Taraxacum_agg.,1
Dolebury.Warren,tri,Teucrium_scorodonia,7
Dolebury.Warren,tri,Thymus_polytrichus,7
Dolebury.Warren,tri,Trifolium_arvense,0
Dolebury.Warren,tri,Trifolium_pratense,3
Dolebury.Warren,tri,Trifolium_repens,8
Dolebury.Warren,tri,Urtica_dioica,0
Dolebury.Warren,tri,Vaccinium_myrtillus,0
Dolebury.Warren,tri,Veronica_chamaedrys,7
Dolebury.Warren,tri,Veronica_officinalis,168
Dolebury.Warren,tri,Vicia_sativa,0
Dolebury.Warren,tri,Viola_reichenbachiana,3
Dolebury.Warren,tri,Viola_riviniana,5
Dunkery.Hill,mon,Betula_pendula,0
Dunkery.Hill,mon,Calluna_vulgaris,33387
Dunkery.Hill,mon,Erica_cinerea,6689
Dunkery.Hill,mon,Erica_tetralix,20
Dunkery.Hill,mon,Galium_saxatile,0
Dunkery.Hill,mon,Grass,0
Dunkery.Hill,mon,Melampyrum_pratense,1
Dunkery.Hill,mon,Polygala_serpyllifolia,4
Dunkery.Hill,mon,Potentilla_erecta,52
Dunkery.Hill,mon,Rumex_acetosella,20
Dunkery.Hill,mon,Rush,0
Dunkery.Hill,mon,Ulex_europaeus,0
Dunkery.Hill,mon,Ulex_minor,0
Dunkery.Hill,mon,Vaccinium_myrtillus,215
Dunkery.Hill,mon,Veronica_officinalis,0
Forest.of.Dean,mon,Anemone_nemorosa,0
Forest.of.Dean,mon,Betula_pendula,0
Forest.of.Dean,mon,Corylus_avellana,0
Forest.of.Dean,mon,Crataegus_monogyna,0
Forest.of.Dean,mon,Digitalis_purpurea,0
Forest.of.Dean,mon,Dryopteris_sp.,0
Forest.of.Dean,mon,Euphorbia_amygdaloides,160
Forest.of.Dean,mon,Fagus_sylvatica,0
Forest.of.Dean,mon,Fraxinus_excelsior,0
Forest.of.Dean,mon,Galium_aparine,13
Forest.of.Dean,mon,Galium_mollugo,0
Forest.of.Dean,mon,Galium_sp,0
Forest.of.Dean,mon,Geranium_robertianum,0
Forest.of.Dean,mon,Grass,0
Forest.of.Dean,mon,Hedera_helix,0
Forest.of.Dean,mon,Hyacinthoides_non-scripta,19
Forest.of.Dean,mon,Hypericum_perforatum,1
Forest.of.Dean,mon,Ilex_aquifolium,0
Forest.of.Dean,mon,Larix_decidua,0
Forest.of.Dean,mon,Lonicera_periclymenum,0
Forest.of.Dean,mon,Luzula_campestris,0
Forest.of.Dean,mon,Lysimachia_nemorum,5
Forest.of.Dean,mon,Medicago_lupulina,0
Forest.of.Dean,mon,Melampyrum_pratense,0
Forest.of.Dean,mon,Oxalis_acetosella,0
Forest.of.Dean,mon,Pinus_nigra,0
Forest.of.Dean,mon,Pinus_sylvestris,0
Forest.of.Dean,mon,Potentilla_erecta,1
Forest.of.Dean,mon,Potentilla_sterilis,0
Forest.of.Dean,mon,Quercus_petraea,0
Forest.of.Dean,mon,Quercus_robur,0
Forest.of.Dean,mon,Quercus_sp.,0
Forest.of.Dean,mon,Ranunculus_repens,0
Forest.of.Dean,mon,Rosa_arvensis,0
Forest.of.Dean,mon,Rubus_fruiticosus,0
Forest.of.Dean,mon,Rubus_fruticosus,0
Forest.of.Dean,mon,Rush,0
Forest.of.Dean,mon,Sedge,0
Forest.of.Dean,mon,Stellaria_holostea,0
Forest.of.Dean,mon,Taraxacum_agg.,0
Forest.of.Dean,mon,Taxus_baccata,0
Forest.of.Dean,mon,Teucrium_scorodonia,0
Forest.of.Dean,mon,Vaccinium_myrtillus,0
Forest.of.Dean,mon,Veronica_persica,0
Forest.of.Dean,mon,Viola_riviniana,0
Haddon.Hill,tri,Betula_pendula,0
Haddon.Hill,tri,Calluna_vulgaris,0
Haddon.Hill,tri,Cardamine_flexuosa,0
Haddon.Hill,tri,Carpinus_betulus,0
Haddon.Hill,tri,Corylus_avellana,0
Haddon.Hill,tri,Digitalis_purpurea,0
Haddon.Hill,tri,Dryopteris_sp.,0
Haddon.Hill,tri,Erica_cinerea,0
Haddon.Hill,tri,Erica_tetralix,11
Haddon.Hill,tri,Fagus_sylvatica,0
Haddon.Hill,tri,Fraxinus_excelsior,0
Haddon.Hill,tri,Grass,0
Haddon.Hill,tri,Hedera_helix,0
Haddon.Hill,tri,Hyacinthoides_non-scripta,0
Haddon.Hill,tri,Ilex_aquifolium,0
Haddon.Hill,tri,Lonicera_periclymenum,0
Haddon.Hill,tri,Melampyrum_pratense,2
Haddon.Hill,tri,Oxalis_acetosella,1
Haddon.Hill,tri,Pedicularis_palustris,5
Haddon.Hill,tri,Polygala_calcarea,0
Haddon.Hill,tri,Polygala_serpyllifolia,1
Haddon.Hill,tri,Potentilla_erecta,8
Haddon.Hill,tri,Pteridium_sp.,0
Haddon.Hill,tri,Quercus_robur,0
Haddon.Hill,tri,Ranunculus_bulbosus,0
Haddon.Hill,tri,Rhododendron_ponticum,0
Haddon.Hill,tri,Rubus_fruiticosus,0
Haddon.Hill,tri,Rubus_fruticosus,0
Haddon.Hill,tri,Sedge,0
Haddon.Hill,tri,Sorbus_aucuparia,0
Haddon.Hill,tri,Ulex_europaeus,17
Haddon.Hill,tri,Vaccinium_myrtillus,117
Hangman.Hill,tri,Achillea_millefolium,0
Hangman.Hill,tri,Calluna_vulgaris,19144
Hangman.Hill,tri,Cerastium_fontanum,0
Hangman.Hill,tri,Cirsium_arvense,0
Hangman.Hill,tri,Cirsium_palustre,0
Hangman.Hill,tri,Crataegus_monogyna,0
Hangman.Hill,tri,Crepis_vesicaria,0
Hangman.Hill,tri,Dactylorhiza_fuchsii,0
Hangman.Hill,tri,Daucus_carota,0
Hangman.Hill,tri,Digitalis_purpurea,0
Hangman.Hill,tri,Dryopteris_sp.,0
Hangman.Hill,tri,Erica_cinerea,2194
Hangman.Hill,tri,Erica_tetralix,0
Hangman.Hill,tri,Euphrasia_nemorosa,3
Hangman.Hill,tri,Galium_mollugo,1599
Hangman.Hill,tri,Galium_saxatile,0
Hangman.Hill,tri,Grass,0
Hangman.Hill,tri,Hypericum_calycinum,0
Hangman.Hill,tri,Hypochaeris_radicata,0
Hangman.Hill,tri,Lotus_corniculatus,0
Hangman.Hill,tri,Oxalis_acetosella,2
Hangman.Hill,tri,Pedicularis_sylvatica,3
Hangman.Hill,tri,Plantago_lanceolata,0
Hangman.Hill,tri,Polygala_serpyllifolia,26
Hangman.Hill,tri,Potentilla_erecta,292
Hangman.Hill,tri,Prunus_spinosa,0
Hangman.Hill,tri,Ranunculus_repens,0
Hangman.Hill,tri,Rubus_fruiticosus,0
Hangman.Hill,tri,Rumex_acetosella,0
Hangman.Hill,tri,Sambuca_nigra,0
Hangman.Hill,tri,Stellaria_holostea,1
Hangman.Hill,tri,Trifolium_repens,0
Hangman.Hill,tri,Ulex_europaeus,2418
Hangman.Hill,tri,Vaccinium_myrtillus,0
Hangman.Hill,tri,Viola_riviniana,0
Haytor,di,Calluna_vulgaris,21160
Haytor,di,Crataegus_monogyna,0
Haytor,di,Cuscuta_epithymum,1
Haytor,di,Dryopteris_sp.,0
Haytor,di,Erica_cinerea,585
Haytor,di,Erica_tetralix,63
Haytor,di,Galium_mollugo,1572
Haytor,di,Galium_saxatile,0
Haytor,di,Grass,0
Haytor,di,Ilex_aquifolium,0
Haytor,di,Oxalis_acetosella,0
Haytor,di,Polygala_serpyllifolia,6
Haytor,di,Potentilla_erecta,52
Haytor,di,Rubus_fruticosus,0
Haytor,di,Rumex_acetosa,0
Haytor,di,Rumex_acetosella,0
Haytor,di,Sedum_anglicum,0
Haytor,di,Sorbus_aucuparia,0
Haytor,di,Ulex_europaeus,3491
Haytor,di,Vaccinium_myrtillus,7
Haytor,di,Veronica_officinalis,0
Hells.Mouth,mon,Achillea_millefolium,0
Hells.Mouth,mon,Arctium_minus,0
Hells.Mouth,mon,Armeria_maritima,6
Hells.Mouth,mon,Calluna_vulgaris,12490
Hells.Mouth,mon,Centaurea_nigra,4
Hells.Mouth,mon,Chamerion_angustifolium,0
Hells.Mouth,mon,Cirsium_arvense,0
Hells.Mouth,mon,Cirsium_palustre,0
Hells.Mouth,mon,Cirsium_vulgare,0
Hells.Mouth,mon,Crataegus_monogyna,0
Hells.Mouth,mon,Crepis_vesicaria,1
Hells.Mouth,mon,Daucus_carota,0
Hells.Mouth,mon,Digitalis_purpurea,0
Hells.Mouth,mon,Erica_cinerea,97366
Hells.Mouth,mon,Galium_saxatile,47
Hells.Mouth,mon,Galium_verum,0
Hells.Mouth,mon,Grass,0
Hells.Mouth,mon,Hedera_helix,0
Hells.Mouth,mon,Heracleum_sphondylium,0
Hells.Mouth,mon,Hyacinthoides_non-scripta,0
Hells.Mouth,mon,Hypericum_linarifolium,0
Hells.Mouth,mon,Hypochaeris_radicata,0
Hells.Mouth,mon,Ilex_aquifolium,0
Hells.Mouth,mon,Knautia_arvensis,0
Hells.Mouth,mon,Leontodon_hispidus,0
Hells.Mouth,mon,Lonicera_periclymenum,0
Hells.Mouth,mon,Lotus_corniculatus,14
Hells.Mouth,mon,Ononis_repens,0
Hells.Mouth,mon,Pedicularis_palustris,0
Hells.Mouth,mon,Plantago_lanceolata,3
Hells.Mouth,mon,Polygala_serpyllifolia,11
Hells.Mouth,mon,Potentilla_anserina,0
Hells.Mouth,mon,Potentilla_erecta,17
Hells.Mouth,mon,Primula_veris,0
Hells.Mouth,mon,Prunus_spinosa,0
Hells.Mouth,mon,Ranunculus_bulbosus,0
Hells.Mouth,mon,Rosa_rugosa,0
Hells.Mouth,mon,Rosa_spinosissima,3
Hells.Mouth,mon,Rubia_peregrina,0
Hells.Mouth,mon,Rubus_fruiticosus,2
Hells.Mouth,mon,Rubus_fruticosus,14
Hells.Mouth,mon,Rumex_acetosa,62
Hells.Mouth,mon,Rumex_acetosella,0
Hells.Mouth,mon,Sanguisorba_minor,0
Hells.Mouth,mon,Scilla_verna,0
Hells.Mouth,mon,Sedum_sp.,0
Hells.Mouth,mon,Senecio_jacobaea,0
Hells.Mouth,mon,Serratula_tinctoria,0
Hells.Mouth,mon,Silene_dioica,0
Hells.Mouth,mon,Silene_uniflora,1
Hells.Mouth,mon,Silene_vulgaris,6
Hells.Mouth,mon,Solanum_dulcamara,4
Hells.Mouth,mon,Solidago_virgaurea,0
Hells.Mouth,mon,Stachys_officinalis,0
Hells.Mouth,mon,Succisa_pratensis,1
Hells.Mouth,mon,Taraxacum_agg.,0
Hells.Mouth,mon,Teucrium_scorodonia,97
Hells.Mouth,mon,Thymus_polytrichus,0
Hells.Mouth,mon,Ulex_europaeus,494
Hells.Mouth,mon,Vicia_cracca,0
Hells.Mouth,mon,Viola_canina,10
Hells.Mouth,mon,Viola_riviniana,0
Leigh.Woods,mon,Acer_campestre,0
Leigh.Woods,mon,Acer_pseudoplatanus,0
Leigh.Woods,mon,Anemone_nemorosa,0
Leigh.Woods,mon,Arum_maculatum,0
Leigh.Woods,mon,Betula_pendula,0
Leigh.Woods,mon,Carpinus_betulus,0
Leigh.Woods,mon,Circaea_lutetiana,0
Leigh.Woods,mon,Corylus_avellana,0
Leigh.Woods,mon,Crataegus_monogyna,0
Leigh.Woods,mon,Dryopteris_sp.,0
Leigh.Woods,mon,Euphorbia_amygdaloides,0
Leigh.Woods,mon,Fagus_sylvatica,0
Leigh.Woods,mon,Fraxinus_excelsior,0
Leigh.Woods,mon,Geum_urbanum,0
Leigh.Woods,mon,Grass,0
Leigh.Woods,mon,Hedera_helix,0
Leigh.Woods,mon,Hyacinthoides_non-scripta,34
Leigh.Woods,mon,Ilex_aquifolium,0
Leigh.Woods,mon,Lamiastrum_galeobdolon,0
Leigh.Woods,mon,Lathraea_squamaria,0
Leigh.Woods,mon,Ligustrum_ovalifolium,0
Leigh.Woods,mon,Lonicera_periclymenum,0
Leigh.Woods,mon,Mercurialis_perennis,0
Leigh.Woods,mon,Quercus_robur,0
Leigh.Woods,mon,Rhododendron_ponticum,0
Leigh.Woods,mon,Rubus_fruiticosus,0
Leigh.Woods,mon,Rubus_fruticosus,0
Leigh.Woods,mon,Taraxacum_agg.,0
Leigh.Woods,mon,Taxus_baccata,0
Leigh.Woods,mon,Tilia_cordata,0
Leigh.Woods,mon,Tiliax_europaea,0
Leigh.Woods,mon,Ulmus_glabra,0
Leigh.Woods,mon,Viola_riviniana,0
Lytchett.Bay,tri,America_maritima,0
Lytchett.Bay,tri,Armeria_maritima,0
Lytchett.Bay,tri,Aster_tripolium,0
Lytchett.Bay,tri,Betula_pendula,0
Lytchett.Bay,tri,Calluna_vulgaris,0
Lytchett.Bay,tri,Castanea_sativa,0
Lytchett.Bay,tri,Cirsium_arvense,0
Lytchett.Bay,tri,Cochlearia_anglica,6
Lytchett.Bay,tri,Convolvulus_arvensis,0
Lytchett.Bay,tri,Corylus_avellana,0
Lytchett.Bay,tri,Dryopteris_sp.,0
Lytchett.Bay,tri,Epilobium_montanum,1
Lytchett.Bay,tri,Erica_cinerea,418
Lytchett.Bay,tri,Erica_tetralix,74
Lytchett.Bay,tri,Fraxinus_excelsior,0
Lytchett.Bay,tri,Galium_aparine,3
Lytchett.Bay,tri,Galium_mollugo,100
Lytchett.Bay,tri,Grass,0
Lytchett.Bay,tri,Halimione_portulacoides,253
Lytchett.Bay,tri,Hedera_helix,0
Lytchett.Bay,tri,Hyacinthoides_non-scripta,0
Lytchett.Bay,tri,Ilex_aquifolium,0
Lytchett.Bay,tri,Juncaceae_sp.,0
Lytchett.Bay,tri,Limonium_vulgare,0
Lytchett.Bay,tri,Lonicera_periclymenum,0
Lytchett.Bay,tri,Phragmites_australis,0
Lytchett.Bay,tri,Plantago_maritima,4
Lytchett.Bay,tri,Potentilla_erecta,0
Lytchett.Bay,tri,Potentilla_reptans,11
Lytchett.Bay,tri,Quercus_robur,0
Lytchett.Bay,tri,Rubus_fruiticosus,6
Lytchett.Bay,tri,Rubus_fruticosus,0
Lytchett.Bay,tri,Rush,0
Lytchett.Bay,tri,Salicornia_europaea,0
Lytchett.Bay,tri,Salicornia_perennis,0
Lytchett.Bay,tri,Sarcocornia_perennis,0
Lytchett.Bay,tri,Sedge,0
Lytchett.Bay,tri,Sedum_anglicum,0
Lytchett.Bay,tri,Senecio_jacobaea,0
Lytchett.Bay,tri,Spartina_anglica,0
Lytchett.Bay,tri,Spergularia_media,3
Lytchett.Bay,tri,Trifolium_arvense,0
Lytchett.Bay,tri,Triglochin_maritima,0
Lytchett.Bay,tri,Ulex_europaeus,2
Lytchett.Bay,tri,Ulex_minor,1
Lytchett.Bay,tri,Urtica_dioica,20
Lytchett.Bay,tri,Veronica_persica,0
Merthyr.Mawr,tri,Achillea_millefolium,0
Merthyr.Mawr,tri,Agrimonia_eupatoria,0
Merthyr.Mawr,tri,Ammophila_sp.,0
Merthyr.Mawr,tri,Anacamptis_pyramidalis,36
Merthyr.Mawr,tri,Anagallis_arvensis,0
Merthyr.Mawr,tri,Armeria_maritima,48
Merthyr.Mawr,tri,Aster_tripolium,0
Merthyr.Mawr,tri,Calystegia_soldanella,0
Merthyr.Mawr,tri,Carlina_vulgaris,0
Merthyr.Mawr,tri,Centaurea_nigra,0
Merthyr.Mawr,tri,Centaurium_erythraea,0
Merthyr.Mawr,tri,Cerastium_fontanum,4
Merthyr.Mawr,tri,Chamerion_angustifolium,0
Merthyr.Mawr,tri,Cirsium_arvense,0
Merthyr.Mawr,tri,Clematis_vitalba,0
Merthyr.Mawr,tri,Crepis_capillaris,11
Merthyr.Mawr,tri,Crepis_vesicaria,43
Merthyr.Mawr,tri,Dipsacus_fullonum,0
Merthyr.Mawr,tri,Echium_vulgare,0
Merthyr.Mawr,tri,Epilobium_montanum,1
Merthyr.Mawr,tri,Eryngium maritimum,0
Merthyr.Mawr,tri,Euphorbia_paralias,10
Merthyr.Mawr,tri,Euphrasia_nemorosa,14
Merthyr.Mawr,tri,Fragaria_vesca,1
Merthyr.Mawr,tri,Frankenia_laevis,62
Merthyr.Mawr,tri,Galium_aparine,3
Merthyr.Mawr,tri,Galium_sp,0
Merthyr.Mawr,tri,Galium_verum,539
Merthyr.Mawr,tri,Geranium_molle,17
Merthyr.Mawr,tri,Geranium_pusillum,0
Merthyr.Mawr,tri,Glaux_maritima,0
Merthyr.Mawr,tri,Grass,0
Merthyr.Mawr,tri,Halimione_portulacoides,0
Merthyr.Mawr,tri,Hippophae_rhamnoides,0
Merthyr.Mawr,tri,Hypericum_perforatum,6
Merthyr.Mawr,tri,Hypochaeris_radicata,0
Merthyr.Mawr,tri,Iris_foetidissima,0
Merthyr.Mawr,tri,Leontodon_hispidus,0
Merthyr.Mawr,tri,Leontodon_saxatilis,5
Merthyr.Mawr,tri,Linum_catharticum,0
Merthyr.Mawr,tri,Lonicera_periclymenum,0
Merthyr.Mawr,tri,Lotus_corniculatus,10
Merthyr.Mawr,tri,Lotus_subbiflorus,0
Merthyr.Mawr,tri,Myosotis_arvensis,10
Merthyr.Mawr,tri,Myosotis_ramosissima,4
Merthyr.Mawr,tri,Oenothera_biennis,0
Merthyr.Mawr,tri,Oenothera_glazioviana,0
Merthyr.Mawr,tri,Oenothera glazioviana,0
Merthyr.Mawr,tri,Ononis_repens,438
Merthyr.Mawr,tri,Ophrys_apifera,0
Merthyr.Mawr,tri,Origanum_vulgare,0
Merthyr.Mawr,tri,Pilosella_officinarum,2
Merthyr.Mawr,tri,Plantago_lanceolata,0
Merthyr.Mawr,tri,Plantago_maritima,64
Merthyr.Mawr,tri,Polygala_vulgaris,3
Merthyr.Mawr,tri,Potentilla_anserina,0
Merthyr.Mawr,tri,Prunella_vulgaris,5
Merthyr.Mawr,tri,Ranunculus_bulbosus,0
Merthyr.Mawr,tri,Ranunculus_repens,0
Merthyr.Mawr,tri,Rosa_rugosa,0
Merthyr.Mawr,tri,Rosa_spinosissima,0
Merthyr.Mawr,tri,Rubus_caesius,0
Merthyr.Mawr,tri,Rubus_fruiticosus,19
Merthyr.Mawr,tri,Rubus_fruticosus,26
Merthyr.Mawr,tri,Salicornia_europaea,24
Merthyr.Mawr,tri,Salicornia_perennis,130
Merthyr.Mawr,tri,Sanguisorba_minor,0
Merthyr.Mawr,tri,Saxifraga_oppositifolia,24
Merthyr.Mawr,tri,Scorzoneroides_autumnalis,0
Merthyr.Mawr,tri,Sedum_anglicum,0
Merthyr.Mawr,tri,Senecio_jacobaea,0
Merthyr.Mawr,tri,Smyrnium_olusatrum,0
Merthyr.Mawr,tri,Spartina_anglica,179
Merthyr.Mawr,tri,Spergularia_media,4
Merthyr.Mawr,tri,Stellaria_graminea,5
Merthyr.Mawr,tri,Suaeda_maritima,10
Merthyr.Mawr,tri,Taraxacum_agg.,14
Merthyr.Mawr,tri,Teucrium_scorodonia,86
Merthyr.Mawr,tri,Thymus_polytrichus,40
Merthyr.Mawr,tri,Triglochin_maritima,0
Merthyr.Mawr,tri,Urtica_dioica,0
Merthyr.Mawr,tri,Veronica_chamaedrys,0
Merthyr.Mawr,tri,Vicia_cracca,0
Merthyr.Mawr,tri,Vicia_lathyroides,0
Merthyr.Mawr,tri,Vicia_sativa,0
Merthyr.Mawr,tri,Viola_arvensis,1
Merthyr.Mawr,tri,Viola_tricolor,7
North.Hill,di,Betula_pendula,0
North.Hill,di,Calluna_vulgaris,4060
North.Hill,di,Cuscuta_epithymum,0
North.Hill,di,Digitalis_purpurea,0
North.Hill,di,Dryopteris_sp.,0
North.Hill,di,Erica_cinerea,32332
North.Hill,di,Erica_tetralix,17
North.Hill,di,Galium_mollugo,84
North.Hill,di,Galium_saxatile,5130
North.Hill,di,Grass,0
North.Hill,di,Leontodon_hispidus,0
North.Hill,di,Polygala_serpyllifolia,8
North.Hill,di,Potentilla_erecta,1
North.Hill,di,Rubus_fruiticosus,0
North.Hill,di,Rubus_fruticosus,0
North.Hill,di,Sorbus_aucuparia,0
North.Hill,di,Ulex_europaeus,498
North.Hill,di,Vaccinium_myrtillus,0
Oxwich.Bay,tri,Acer_pseudoplatanus,0
Oxwich.Bay,tri,Achillea_millefolium,0
Oxwich.Bay,tri,Agrimonia_eupatoria,0
Oxwich.Bay,tri,Anacamptis_pyramidalis,2
Oxwich.Bay,tri,Anthyllis_vulneraria,0
Oxwich.Bay,tri,Bellis_perennis,0
Oxwich.Bay,tri,Betula_pendula,0
Oxwich.Bay,tri,Calluna_vulgaris,8
Oxwich.Bay,tri,Calystegia_soldanella,0
Oxwich.Bay,tri,Centaurea_nigra,0
Oxwich.Bay,tri,Centaurium_erythraea,0
Oxwich.Bay,tri,Cerastium_fontanum,2
Oxwich.Bay,tri,Crataegus_monogyna,0
Oxwich.Bay,tri,Crepis_capillaris,5
Oxwich.Bay,tri,Crepis_vesicaria,0
Oxwich.Bay,tri,Crithmum_maritimum,0
Oxwich.Bay,tri,Dryopteris_sp.,0
Oxwich.Bay,tri,Eupatorium_cannabinum,0
Oxwich.Bay,tri,Euphorbia_portlandica,0
Oxwich.Bay,tri,Euphrasia_nemorosa,20
Oxwich.Bay,tri,Filipendula_ulmaria,55
Oxwich.Bay,tri,Fragaria_vesca,1
Oxwich.Bay,tri,Fraxinus_excelsior,24
Oxwich.Bay,tri,Galium_aparine,0
Oxwich.Bay,tri,Galium_verum,27
Oxwich.Bay,tri,Geranium_molle,0
Oxwich.Bay,tri,Geranium_purenaicum,0
Oxwich.Bay,tri,Geranium_robertianum,0
Oxwich.Bay,tri,Geranium_sanguineum,12
Oxwich.Bay,tri,Grass,0
Oxwich.Bay,tri,Hedera_helix,0
Oxwich.Bay,tri,Heracleum_sphondylium,0
Oxwich.Bay,tri,Hyacinthoides_non-scripta,0
Oxwich.Bay,tri,Hypochaeris_radicata,1
Oxwich.Bay,tri,Lathyrus_pratensis,0
Oxwich.Bay,tri,Leontodon_hispidus,0
Oxwich.Bay,tri,Leontodon_saxatilis,0
Oxwich.Bay,tri,Limonium_vulgare,0
Oxwich.Bay,tri,Linum_catharticum,0
Oxwich.Bay,tri,Lotus_corniculatus,16
Oxwich.Bay,tri,Lotus_pedunculatus,0
Oxwich.Bay,tri,Luzula_campestris,3
Oxwich.Bay,tri,Medicago_lupulina,38
Oxwich.Bay,tri,Oenanthe_sp.,0
Oxwich.Bay,tri,Oenothera_glazioviana,0
Oxwich.Bay,tri,Ononis_repens,26
Oxwich.Bay,tri,Pilosella_officinarum,2
Oxwich.Bay,tri,Pilosella officinalis,0
Oxwich.Bay,tri,Plantago_lanceolata,0
Oxwich.Bay,tri,Plantago_media,0
Oxwich.Bay,tri,Polygala_serpyllifolia,1
Oxwich.Bay,tri,Polygala_vulgaris,28
Oxwich.Bay,tri,Potentilla_anserina,0
Oxwich.Bay,tri,Potentilla_reptans,0
Oxwich.Bay,tri,Potentilla_sterilis,0
Oxwich.Bay,tri,Primula_veris,3
Oxwich.Bay,tri,Prunus_spinosa,29
Oxwich.Bay,tri,Pulicaria_dysenterica,0
Oxwich.Bay,tri,Quercus_robur,0
Oxwich.Bay,tri,Ranunculus_acris,0
Oxwich.Bay,tri,Ranunculus_bulbosus,2
Oxwich.Bay,tri,Ranunculus_repens,0
Oxwich.Bay,tri,Ranunculus_sceleratus,0
Oxwich.Bay,tri,Rhinanthus_minor,17
Oxwich.Bay,tri,Rosa_rugosa,0
Oxwich.Bay,tri,Rosa_spinosissima,0
Oxwich.Bay,tri,Rubus_fruiticosus,25
Oxwich.Bay,tri,Rubus_fruticosus,2
Oxwich.Bay,tri,Rumex_acetosa,0
Oxwich.Bay,tri,Salix_repens,0
Oxwich.Bay,tri,Sanguisorba_minor,26
Oxwich.Bay,tri,Sedge,0
Oxwich.Bay,tri,Sedum_acre,0
Oxwich.Bay,tri,Senecio_jacobaea,0
Oxwich.Bay,tri,Sorbus_aucuparia,0
Oxwich.Bay,tri,Stellaria_graminea,3
Oxwich.Bay,tri,Taraxacum_agg.,4
Oxwich.Bay,tri,Teucrium_scorodonia,1
Oxwich.Bay,tri,Thymus_polytrichus,335
Oxwich.Bay,tri,Trifolium_pratense,4
Oxwich.Bay,tri,Trifolium_repens,5
Oxwich.Bay,tri,Veronica_chamaedrys,3
Oxwich.Bay,tri,Veronica_officinalis,0
Oxwich.Bay,tri,Veronica_persica,0
Oxwich.Bay,tri,Vicia_sativa,1
Oxwich.Bay,tri,Viola_reichenbachiana,0
Pembrey,di,Ammophila_sp.,0
Pembrey,di,Anacamptis_pyramidalis,0
Pembrey,di,Anthyllis_vulneraria,5
Pembrey,di,Arais_hirsuta,4
Pembrey,di,Armeria_maritima,0
Pembrey,di,Aster_tripolium,16
Pembrey,di,Atriplex_hastata,0
Pembrey,di,Calluna_vulgaris,0
Pembrey,di,Centaurium_erythraea,0
Pembrey,di,Cerastium_fontanum,0
Pembrey,di,Chamerion_angustifolium,0
Pembrey,di,Cirsium_arvense,0
Pembrey,di,Cirsium_vulgare,0
Pembrey,di,Cochlearia_anglica,6
Pembrey,di,Crepis_capillaris,2
Pembrey,di,Crepis_vesicaria,12
Pembrey,di,Daucus_carota,0
Pembrey,di,Dryopteris_sp.,0
Pembrey,di,Epilobium_montanum,0
Pembrey,di,Eryngium_maritimum,0
Pembrey,di,Eryngium maritimum,0
Pembrey,di,Euphrasia_nemorosa,65
Pembrey,di,Galium_aparine,18
Pembrey,di,Galium_verum,0
Pembrey,di,Geranium_lucidum,5
Pembrey,di,Geranium_molle,2
Pembrey,di,Geranium_robertianum,1
Pembrey,di,Glaux_maritima,0
Pembrey,di,Grass,0
Pembrey,di,Halimione_portulacoides,0
Pembrey,di,Hieracium_sp.,2
Pembrey,di,Hippophae_rhamnoides,0
Pembrey,di,Hippurus_vulgaris,0
Pembrey,di,Hypochaeris_radicata,4
Pembrey,di,Leontodon_hispidus,4
Pembrey,di,Leontodon_saxatilis,0
Pembrey,di,Leontodon_sp.,0
Pembrey,di,Limonium_vulgare,464
Pembrey,di,Linum_catharticum,0
Pembrey,di,Lotus_corniculatus,0
Pembrey,di,Lotus_subbiflorus,0
Pembrey,di,Medicago_lupulina,0
Pembrey,di,Oenothera_biennis,0
Pembrey,di,Oenothera_glazioviana,0
Pembrey,di,Oenothera_sp.,0
Pembrey,di,Oenothera glazioviana,0
Pembrey,di,Ononis_repens,152
Pembrey,di,Ononis_spinosa,0
Pembrey,di,Pastinaca_sativa,0
Pembrey,di,Pilosella_officinarum,0
Pembrey,di,Plantago_lanceolata,0
Pembrey,di,Plantago_maritima,6
Pembrey,di,Polygala_sp.,5
Pembrey,di,Ranunculus_bulbosus,0
Pembrey,di,Ranunculus_repens,0
Pembrey,di,Rhinanthus_minor,0
Pembrey,di,Rubus_caesius,0
Pembrey,di,Rubus_fruiticosus,12
Pembrey,di,Rubus_fruticosus,0
Pembrey,di,Rush,0
Pembrey,di,Senecio_jacobaea,27
Pembrey,di,Smyrnium_olusatrum,0
Pembrey,di,Solanum_dulcamara,0
Pembrey,di,Sonchus_oleraceus,0
Pembrey,di,Taraxacum_agg.,0
Pembrey,di,Trifolium_repens,0
Pembrey,di,Triglochin_maritima,0
Pembrey,di,Valerianella_locusta,5
Pembrey,di,Vicia_cracca,0
Pembrey,di,Vicia_sativa,2
Pembrey,di,Viola_tricolor,14
Penhale.Sands,mon,Anacamptis_pyramidalis,2
Penhale.Sands,mon,Anagallis_arvensis,1
Penhale.Sands,mon,Anthyllis_vulneraria,10
Penhale.Sands,mon,Armeria_maritima,0
Penhale.Sands,mon,Bellis_perennis,15
Penhale.Sands,mon,Blackstonia_perfoliata,0
Penhale.Sands,mon,Brassica_sp.,0
Penhale.Sands,mon,Calystegia_soldanella,0
Penhale.Sands,mon,Centaurium_erythraea,0
Penhale.Sands,mon,Cerastium_fontanum,66
Penhale.Sands,mon,Cirsium_arvense,0
Penhale.Sands,mon,Crataegus_monogyna,0
Penhale.Sands,mon,Crepis_vesicaria,1
Penhale.Sands,mon,Daucus_carota,156
Penhale.Sands,mon,Erodium_cicutarium,2
Penhale.Sands,mon,Euphorbia_paralias,46
Penhale.Sands,mon,Euphrasia_nemorosa,47
Penhale.Sands,mon,Euphrasia_sp.,14
Penhale.Sands,mon,Galium_mollugo,0
Penhale.Sands,mon,Galium_verum,71
Penhale.Sands,mon,Geranium_molle,4
Penhale.Sands,mon,Geranium_pusillum,0
Penhale.Sands,mon,Geranium_robertianum,0
Penhale.Sands,mon,Glechoma_hederacea,3
Penhale.Sands,mon,Grass,0
Penhale.Sands,mon,Hedera_helix,0
Penhale.Sands,mon,Heracleum_sphondylium,0
Penhale.Sands,mon,Hypochaeris_radicata,16
Penhale.Sands,mon,Iris_foetidissima,0
Penhale.Sands,mon,Jasione_montana,2
Penhale.Sands,mon,Knautia_arvensis,0
Penhale.Sands,mon,Leontodon_hispidus,0
Penhale.Sands,mon,Leontodon_saxatilis,0
Penhale.Sands,mon,Limonium_vulgare,0
Penhale.Sands,mon,Linum_catharticum,10
Penhale.Sands,mon,Lotus_corniculatus,25
Penhale.Sands,mon,Lotus_subbiflorus,14
Penhale.Sands,mon,Medicago_lupulina,0
Penhale.Sands,mon,Myosotis_ramosissima,2
Penhale.Sands,mon,Ononis_repens,6
Penhale.Sands,mon,Pilosella_officinarum,7
Penhale.Sands,mon,Plantago_lanceolata,1
Penhale.Sands,mon,Polygala_serpyllifolia,7
Penhale.Sands,mon,Polygala_vulgaris,0
Penhale.Sands,mon,Potentilla_neumanniana,0
Penhale.Sands,mon,Potentilla_reptans,0
Penhale.Sands,mon,Primula_veris,0
Penhale.Sands,mon,Prunus_spinosa,0
Penhale.Sands,mon,Ranunculus_repens,0
Penhale.Sands,mon,Rubus_fruiticosus,0
Penhale.Sands,mon,Rubus_fruticosus,0
Penhale.Sands,mon,Rumex_acetosa,0
Penhale.Sands,mon,Sedum_acre,0
Penhale.Sands,mon,Senecio_jacobaea,0
Penhale.Sands,mon,Sonchus_oleraceus,0
Penhale.Sands,mon,Taraxacum_agg.,4
Penhale.Sands,mon,Thymus_polytrichus,41
Penhale.Sands,mon,Valerianella_locusta,90
Penhale.Sands,mon,Veronica_chamaedrys,0
Penhale.Sands,mon,Viola_canina,0
Penhale.Sands,mon,Viola_riviniana,1
Penhale.Sands,mon,Viola_sp.,0
Pewsey.Downs,mon,Achillea_millefolium,0
Pewsey.Downs,mon,Anthriscus_sylvestris,0
Pewsey.Downs,mon,Anthyllis_vulneraria,1
Pewsey.Downs,mon,Asperula_cynanchica,73
Pewsey.Downs,mon,Bellis_perennis,90
Pewsey.Downs,mon,Bunium_bulbocastanum,158
Pewsey.Downs,mon,Calluna_vulgaris,0
Pewsey.Downs,mon,Campanula_glomerata,0
Pewsey.Downs,mon,Campanula_rotundifolia,1
Pewsey.Downs,mon,Centaurea_nigra,1
Pewsey.Downs,mon,Cerastium_fontanum,38
Pewsey.Downs,mon,Cirsium_aculae,0
Pewsey.Downs,mon,Cirsium_arvense,0
Pewsey.Downs,mon,Cirsium_palustre,0
Pewsey.Downs,mon,Cirsium_vulgare,0
Pewsey.Downs,mon,Crepis_vesicaria,13
Pewsey.Downs,mon,Dactylorhiza_fuchsii,0
Pewsey.Downs,mon,Daucus_carota,64
Pewsey.Downs,mon,Galium_saxatile,0
Pewsey.Downs,mon,Galium_verum,3
Pewsey.Downs,mon,Geranium_dissectum,0
Pewsey.Downs,mon,Grass,0
Pewsey.Downs,mon,Helianthemum_nummularium,27
Pewsey.Downs,mon,Hippocrepis_comosa,32
Pewsey.Downs,mon,Hypochaeris_radicata,1
Pewsey.Downs,mon,Knautia_arvensis,1
Pewsey.Downs,mon,Lathyrus_aphaca,0
Pewsey.Downs,mon,Lathyrus_pratensis,0
Pewsey.Downs,mon,Leontodon_hispidus,0
Pewsey.Downs,mon,Leontodon_saxatilis,1
Pewsey.Downs,mon,Linum_catharticum,11
Pewsey.Downs,mon,Lotus_corniculatus,78
Pewsey.Downs,mon,Luzula_campestris,0
Pewsey.Downs,mon,Medicago_lupulina,6
Pewsey.Downs,mon,Ononis_spinosa,0
Pewsey.Downs,mon,Oxalis_perennans,0
Pewsey.Downs,mon,Pastinaca_sativa,0
Pewsey.Downs,mon,Pilosella_officinarum,1
Pewsey.Downs,mon,Pimpinella_saxifraga,40
Pewsey.Downs,mon,Plantago_lanceolata,117
Pewsey.Downs,mon,Plantago_major,0
Pewsey.Downs,mon,Plantago_media,0
Pewsey.Downs,mon,Polygala_calcarea,38
Pewsey.Downs,mon,Polygala_serpyllifolia,1
Pewsey.Downs,mon,Potentilla_anserina,0
Pewsey.Downs,mon,Potentilla_erecta,0
Pewsey.Downs,mon,Primula_veris,4
Pewsey.Downs,mon,Prunella_vulgaris,10
Pewsey.Downs,mon,Ranunculus_arvensis,1
Pewsey.Downs,mon,Ranunculus_bulbosus,170
Pewsey.Downs,mon,Ranunculus_repens,0
Pewsey.Downs,mon,Rhinanthus_minor,63
Pewsey.Downs,mon,Rumex_acetosa,129
Pewsey.Downs,mon,Sanguisorba_minor,68
Pewsey.Downs,mon,Scabiosa_columbaria,30
Pewsey.Downs,mon,Senecio_jacobaea,8
Pewsey.Downs,mon,Stachys_officinalis,0
Pewsey.Downs,mon,Succisa_pratensis,0
Pewsey.Downs,mon,Taraxacum_agg.,6
Pewsey.Downs,mon,Thymus_polytrichus,10
Pewsey.Downs,mon,Trifolium_arvense,0
Pewsey.Downs,mon,Trifolium_dubium,8
Pewsey.Downs,mon,Trifolium_pratense,16
Pewsey.Downs,mon,Trifolium_repens,7
Pewsey.Downs,mon,Urtica_dioica,0
Pewsey.Downs,mon,Veronica_chamaedrys,0
Pewsey.Downs,mon,Veronica_officinalis,0
Seet.Bridge,di,Acer_campestre,0
Seet.Bridge,di,Acer_pseudoplatanus,0
Seet.Bridge,di,Angelica_sylvestris,0
Seet.Bridge,di,Arum_maculatum,0
Seet.Bridge,di,Aster_tripolium,0
Seet.Bridge,di,Atriplex_hastata,12
Seet.Bridge,di,Atriplex_prostrata,0
Seet.Bridge,di,Beta_vulgaris,96
Seet.Bridge,di,Betula_pendula,0
Seet.Bridge,di,Calystegia_sepium,0
Seet.Bridge,di,Cardamine_pratensis,0
Seet.Bridge,di,Castanea_sativa,0
Seet.Bridge,di,Cirsium_palustre,0
Seet.Bridge,di,Conium maculatum,0
Seet.Bridge,di,Convolvulus_arvensis,0
Seet.Bridge,di,Corylus_avellana,0
Seet.Bridge,di,Crataegus_monogyna,0
Seet.Bridge,di,Dryopteris_sp.,0
Seet.Bridge,di,Fagus_sylvatica,0
Seet.Bridge,di,Fraxinus_excelsior,0
Seet.Bridge,di,Galium_mollugo,0
Seet.Bridge,di,Galium_sp,0
Seet.Bridge,di,Grass,0
Seet.Bridge,di,Hedera_helix,0
Seet.Bridge,di,Hyacinthoides_non-scripta,15
Seet.Bridge,di,Ilex_aquifolium,1
Seet.Bridge,di,Iris_pseudacorus,0
Seet.Bridge,di,Lonicera_periclymenum,0
Seet.Bridge,di,Lotus_corniculatus,0
Seet.Bridge,di,Mercurialis_perennis,0
Seet.Bridge,di,Oenanthe_crocata,0
Seet.Bridge,di,Potentilla_anserina,0
Seet.Bridge,di,Quercus_robur,0
Seet.Bridge,di,Rubus_fruiticosus,0
Seet.Bridge,di,Rubus_fruticosus,0
Seet.Bridge,di,Sonchus_arvensis,0
Seet.Bridge,di,Sonchus_palustris,0
Seet.Bridge,di,Taxus_baccata,0
Seet.Bridge,di,Teucrium_scorodonia,0
Studland,di,Anthriscus_sylvestris,0
Studland,di,Bare_ground_only,0
Studland,di,Betula_pendula,0
Studland,di,Betula_pubescens,0
Studland,di,Calluna_vulgaris,1875
Studland,di,Centaurium_erythraea,0
Studland,di,Centaurium_littorale,0
Studland,di,Cerastium_fontanum,0
Studland,di,Crepis_vesicaria,0
Studland,di,Cuscuta_epithymum,8
Studland,di,Daucus_carota,0
Studland,di,Erica_cinerea,2500
Studland,di,Erica_tetralix,256
Studland,di,Grass,0
Studland,di,Hydrocotyle_vulgaris,0
Studland,di,Hypochaeris_radicata,0
Studland,di,Jasione_montana,5
Studland,di,Leontodon_hispidus,0
Studland,di,Leontodon_saxatilis,0
Studland,di,Leontodon_sp.,0
Studland,di,Lonicera_periclymenum,0
Studland,di,Lotus_pedunculatus,0
Studland,di,Lotus_subbiflorus,0
Studland,di,Medicago_lupulina,0
Studland,di,Myrica_gale,0
Studland,di,Pilosella_officinarum,0
Studland,di,Pinus_sylvestris,0
Studland,di,Potentilla_anserina,1
Studland,di,Rubus_fruiticosus,0
Studland,di,Rubus_fruticosus,0
Studland,di,Rumex_acetosella,35
Studland,di,Rush,0
Studland,di,Salix_repens,0
Studland,di,Scabiosa_columbaria,2
Studland,di,Sedge,0
Studland,di,Senecio_jacobaea,0
Studland,di,Taraxacum_agg.,0
Studland,di,Trifolium_repens,2
Studland,di,Trifolium_sp.,0
Studland,di,Ulex_europaeus,0
Studland,di,Umbilicus_sp.,0
Studland,di,Unidentified_B,11
Studland,di,Unidentified_C,15
Studland,di,Valeranaria_sp.,0
Walborough,di,Achillea_millefolium,0
Walborough,di,Anthyllis_vulneraria,0
Walborough,di,Armeria_maritima,4
Walborough,di,Aster_tripolium,3
Walborough,di,Atriplex_laciniata,0
Walborough,di,Atriplex_prostrata,0
Walborough,di,Bellis_perennis,20
Walborough,di,Bunium_bulbocastanum,0
Walborough,di,Centaurea_nigra,0
Walborough,di,Centaurium_erythraea,0
Walborough,di,Cerastium_fontanum,5
Walborough,di,Cirsium_aculae,0
Walborough,di,Cirsium_arvense,0
Walborough,di,Cirsium_palustre,0
Walborough,di,Cochlearia_anglica,413
Walborough,di,Cochlearia_officinalis,123
Walborough,di,Convolvulus_arvensis,0
Walborough,di,Daucus_carota,0
Walborough,di,Epilobium_hirsutum,0
Walborough,di,Galium_verum,0
Walborough,di,Geranium_pusillum,0
Walborough,di,Glaux_maritima,63
Walborough,di,Grass,0
Walborough,di,Halimione_portulacoides,0
Walborough,di,Heracleum_sphondylium,0
Walborough,di,Hypochaeris_radicata,0
Walborough,di,Knautia_arvensis,0
Walborough,di,Lathyrus_pratensis,0
Walborough,di,Leontodon_hispidus,0
Walborough,di,Linum_catharticum,8
Walborough,di,Lotus_corniculatus,33
Walborough,di,Medicago_lupulina,12
Walborough,di,Ononis_spinosa,0
Walborough,di,Pilosella_officinarum,1
Walborough,di,Plantago_lanceolata,4
Walborough,di,Plantago_maritima,1
Walborough,di,Plantago_media,0
Walborough,di,Polygala_vulgaris,5
Walborough,di,Potentilla_anserina,0
Walborough,di,Ranunculus_acris,2
Walborough,di,Ranunculus_bulbosus,125
Walborough,di,Ranunculus_repens,0
Walborough,di,Rhinanthus_minor,7
Walborough,di,Rubus_fruiticosus,0
Walborough,di,Rumex_acetosa,63
Walborough,di,Rumex_obtusifolius,0
Walborough,di,Sanguisorba_minor,10
Walborough,di,Sedge,0
Walborough,di,Senecio_jacobaea,0
Walborough,di,Spergularia_media,0
Walborough,di,Suaeda_maritima,0
Walborough,di,Taraxacum_agg.,2
Walborough,di,Thymus_polytrichus,0
Walborough,di,Trifolium_arvense,0
Walborough,di,Trifolium_dubium,0
Walborough,di,Trifolium_pratense,0
Walborough,di,Trifolium_repens,2
Walborough,di,Triglochin_maritima,366
Walborough,di,Vicia_cracca,0
Walborough,di,Vicia_sativa,5
Wheal.Coates,mon,Calluna_vulgaris,22157
Wheal.Coates,mon,Centaurea_nigra,0
Wheal.Coates,mon,Cirsium_sp.,1
Wheal.Coates,mon,Cuscuta_epithymum,0
Wheal.Coates,mon,Erica_cinerea,19909
Wheal.Coates,mon,Euphrasia_nemorosa,4
Wheal.Coates,mon,Grass,0
Wheal.Coates,mon,Hieracium_sp.,2
Wheal.Coates,mon,Hypericum_calycinum,0
Wheal.Coates,mon,Hypochaeris_radicata,0
Wheal.Coates,mon,Leontodon_hispidus,0
Wheal.Coates,mon,Pedicularis_sylvatica,2
Wheal.Coates,mon,Polygala_serpyllifolia,6
Wheal.Coates,mon,Polygala_vulgaris,10
Wheal.Coates,mon,Potentilla_erecta,36
Wheal.Coates,mon,Potentilla_reptans,0
Wheal.Coates,mon,Rosa_spinosissima,0
Wheal.Coates,mon,Rubus_fruiticosus,0
Wheal.Coates,mon,Scilla_verna,11
Wheal.Coates,mon,Solidago_virgaurea,14
Wheal.Coates,mon,Stachys_officinalis,0
Wheal.Coates,mon,Thymus_polytrichus,36
Wheal.Coates,mon,Ulex_europaeus,1779
Wheal.Coates,mon,Vaccinium_myrtillus,0
Wheal.Coates,mon,Viola_canina,0
Wheal.Coates,mon,Viola_riviniana,0
Wheal.Coates,mon,Viola_sp.,0
Woodland.Hill,tri,Arum_maculatum,0
Woodland.Hill,tri,Betula_pendula,0
Woodland.Hill,tri,Calluna_vulgaris,3178
Woodland.Hill,tri,Crataegus_monogyna,0
Woodland.Hill,tri,Cuscuta_epithymum,18
Woodland.Hill,tri,Dryopteris_sp.,0
Woodland.Hill,tri,Erica_cinerea,7687
Woodland.Hill,tri,Fagus_sylvatica,0
Woodland.Hill,tri,Fragus_sylvatica,0
Woodland.Hill,tri,Fraxinus_excelsior,0
Woodland.Hill,tri,Galium_saxatile,0
Woodland.Hill,tri,Grass,0
Woodland.Hill,tri,Ilex_aquifolium,0
Woodland.Hill,tri,Lonicera_periclymenum,0
Woodland.Hill,tri,Melampyrum_pratense,7
Woodland.Hill,tri,Mercurialis_perennis,0
Woodland.Hill,tri,Polygala_serpyllifolia,0
Woodland.Hill,tri,Potentilla_erecta,0
Woodland.Hill,tri,Quercus_petraea,0
Woodland.Hill,tri,Quercus_robur,0
Woodland.Hill,tri,Ranunculus_ficaria,0
Woodland.Hill,tri,Rubus_fruiticosus,11
Woodland.Hill,tri,Rubus_fruticosus,0
Woodland.Hill,tri,Rumex_acetosella,0
Woodland.Hill,tri,Sedge,0
Woodland.Hill,tri,Sorbus_aucuparia,0
Woodland.Hill,tri,Teucrium_scorodonia,0
Woodland.Hill,tri,Ulex_europaeus,98
Woodland.Hill,tri,Urtica_dioica,0
Woodland.Hill,tri,Vaccinium_myrtillus,2
Woolacombe,tri,Achillea_millefolium,0
Woolacombe,tri,Ammophila_sp.,0
Woolacombe,tri,Anacamptis_pyramidalis,0
Woolacombe,tri,Anagallis_arvensis,0
Woolacombe,tri,Arum_maculatum,0
Woolacombe,tri,Bellis_perennis,0
Woolacombe,tri,Calluna_vulgaris,0
Woolacombe,tri,Calystegia_soldanella,0
Woolacombe,tri,Cerastium_fontanum,5
Woolacombe,tri,Chamerion_angustifolium,0
Woolacombe,tri,Cirsium_arvense,1
Woolacombe,tri,Cirsium_sp.,0
Woolacombe,tri,Cirsium_vulgare,0
Woolacombe,tri,Clematis_vitalba,0
Woolacombe,tri,Convolvulus_soldanella,0
Woolacombe,tri,Cornus_sanguinea,0
Woolacombe,tri,Crepis_vesicaria,7
Woolacombe,tri,Digitalis_purpurea,0
Woolacombe,tri,Dryopteris_sp.,0
Woolacombe,tri,Erica_cinerea,1092
Woolacombe,tri,Erodium_cicutarium,0
Woolacombe,tri,Eupatorium_cannabinum,0
Woolacombe,tri,Euphorbia_paralias,0
Woolacombe,tri,Euphrasia_nemorosa,236
Woolacombe,tri,Fragaria_vesca,0
Woolacombe,tri,Galium_aparine,12
Woolacombe,tri,Galium_mollugo,0
Woolacombe,tri,Galium_saxatile,21
Woolacombe,tri,Galium_verum,1
Woolacombe,tri,Geranium_molle,0
Woolacombe,tri,Geranium_robertianum,0
Woolacombe,tri,Grass,0
Woolacombe,tri,Hedera_helix,0
Woolacombe,tri,Heracleum_sphondylium,0
Woolacombe,tri,Hyacinthoides_non-scripta,33
Woolacombe,tri,Hypochaeris_radicata,0
Woolacombe,tri,Leontodon_hispidus,0
Woolacombe,tri,Leontodon_saxatilis,1
Woolacombe,tri,Leontodon_sp.,0
Woolacombe,tri,Limonium_vulgare,61
Woolacombe,tri,Lonicera_periclymenum,0
Woolacombe,tri,Lotus_corniculatus,10
Woolacombe,tri,Lotus_subbiflorus,0
Woolacombe,tri,Medicago_polymorpha,0
Woolacombe,tri,Oenothera_sp.,0
Woolacombe,tri,Ononis_repens,0
Woolacombe,tri,Plantago_lanceolata,10
Woolacombe,tri,Plantago_major,0
Woolacombe,tri,Plantago_media,0
Woolacombe,tri,Polygala_serpyllifolia,0
Woolacombe,tri,Polygala_vulgaris,0
Woolacombe,tri,Potentilla_erecta,127
Woolacombe,tri,Potentilla_sterilis,1
Woolacombe,tri,Primula_vulgaris,0
Woolacombe,tri,Ranunculus_bulbosus,0
Woolacombe,tri,Rosa_rugosa,0
Woolacombe,tri,Rosa_spinosissima,0
Woolacombe,tri,Rubia_peregrina,0
Woolacombe,tri,Rubus_fruiticosus,16
Woolacombe,tri,Rubus_fruticosus,5
Woolacombe,tri,Rumex_acetosa,0
Woolacombe,tri,Rumex_acetosella,0
Woolacombe,tri,Rumex_sp.,0
Woolacombe,tri,Sanguisorba_minor,5
Woolacombe,tri,Senecio_jacobaea,0
Woolacombe,tri,Silene_dioica,0
Woolacombe,tri,Sonchus_asper,0
Woolacombe,tri,Stellaria_graminea,65
Woolacombe,tri,Stellaria_holostea,3
Woolacombe,tri,Taraxacum_agg.,0
Woolacombe,tri,Teucrium_scorodonia,494
Woolacombe,tri,Trifolium_pratense,0
Woolacombe,tri,Trifolium_repens,0
Woolacombe,tri,Ulex_europaeus,29
Woolacombe,tri,Urtica_dioica,0
Woolacombe,tri,Veronica_chamaedrys,3
Woolacombe,tri,Veronica_sp.,29
Woolacombe,tri,Vicia_sativa,0
Woolacombe,tri,Viola_riviniana,0
Wyeswood.Common,mon,Achillea_millefolium,0
Wyeswood.Common,mon,Anacamptis_morio,0
Wyeswood.Common,mon,Anthriscus_sylvestris,0
Wyeswood.Common,mon,Bellis_perennis,0
Wyeswood.Common,mon,Cardamine_pratensis,0
Wyeswood.Common,mon,Centaurea_nigra,44
Wyeswood.Common,mon,Cerastium_fontanum,3
Wyeswood.Common,mon,Chamerion_angustifolium,0
Wyeswood.Common,mon,Cirsium_arvense,0
Wyeswood.Common,mon,Crataegus_monogyna,0
Wyeswood.Common,mon,Crepis_capillaris,6
Wyeswood.Common,mon,Crepis_vesicaria,8
Wyeswood.Common,mon,Dactylorhiza_fuchsii,0
Wyeswood.Common,mon,Dactylorhiza_praetermissa,0
Wyeswood.Common,mon,Dryopteris_sp.,0
Wyeswood.Common,mon,Euphrasia_nemorosa,496
Wyeswood.Common,mon,Geranium_pratense,0
Wyeswood.Common,mon,Geranium_pusillum,0
Wyeswood.Common,mon,Grass,0
Wyeswood.Common,mon,Heracleum_sphondylium,0
Wyeswood.Common,mon,Hyacinthoides_non-scripta,0
Wyeswood.Common,mon,Hypericum_perforatum,0
Wyeswood.Common,mon,Hypochaeris_radicata,0
Wyeswood.Common,mon,Lathyrus_pratensis,2
Wyeswood.Common,mon,Lathyrus_sylvestris,0
Wyeswood.Common,mon,Leontodon_hispidus,11
Wyeswood.Common,mon,Leontodon_saxatilis,0
Wyeswood.Common,mon,Leontodon_sp.,0
Wyeswood.Common,mon,Leucanthemum_vulgare,0
Wyeswood.Common,mon,Linum_catharticum,2
Wyeswood.Common,mon,Lotus_corniculatus,10
Wyeswood.Common,mon,Luzula_campestris,38
Wyeswood.Common,mon,Medicago_lupulina,6
Wyeswood.Common,mon,Plantago_lanceolata,34
Wyeswood.Common,mon,Plantago_major,0
Wyeswood.Common,mon,Plantago_media,0
Wyeswood.Common,mon,Polygala_vulgaris,2
Wyeswood.Common,mon,Prunella_vulgaris,0
Wyeswood.Common,mon,Prunus_spinosa,0
Wyeswood.Common,mon,Quercus_robur,0
Wyeswood.Common,mon,Ranunculus_acris,0
Wyeswood.Common,mon,Ranunculus_bulbosus,0
Wyeswood.Common,mon,Ranunculus_ficaria,1
Wyeswood.Common,mon,Ranunculus_repens,2
Wyeswood.Common,mon,Ranunculus_sceleratus,0
Wyeswood.Common,mon,Rhinanthus_minor,0
Wyeswood.Common,mon,Rubus_fruiticosus,0
Wyeswood.Common,mon,Rumex_acetosa,0
Wyeswood.Common,mon,Rumex_acetosella,10
Wyeswood.Common,mon,Solidago_virgaurea,0
Wyeswood.Common,mon,Stellaria_graminea,8
Wyeswood.Common,mon,Stellaria_holostea,0
Wyeswood.Common,mon,Taraxacum_agg.,8
Wyeswood.Common,mon,Trifolium_pratense,1
Wyeswood.Common,mon,Trifolium_repens,10
Wyeswood.Common,mon,Urtica_dioica,0
Wyeswood.Common,mon,Veronica_chamaedrys,0
Wyeswood.Common,mon,Vicia_cracca,2
